[
  {
    "name": "Peyton Jenkins",
    "birthday": "9/22/2013"
  },
  {
    "name": "Neil Harber",
    "birthday": "5/10/2012"
  },
  {
    "name": "Camilla Schmeler",
    "birthday": "11/24/2012"
  },
  {
    "name": "Stephanie Braun",
    "birthday": "6/16/2014"
  },
  {
    "name": "Audie Hansen",
    "birthday": "4/5/2018"
  },
  {
    "name": "Michael Nitzsche",
    "birthday": "7/2/2012"
  },
  {
    "name": "Hazle Lesch",
    "birthday": "9/24/2012"
  },
  {
    "name": "Camylle Lindgren",
    "birthday": "1/4/2016"
  },
  {
    "name": "Aracely Witting",
    "birthday": "9/15/2011"
  },
  {
    "name": "Dane Hermann",
    "birthday": "5/13/2017"
  },
  {
    "name": "Maximus Becker",
    "birthday": "1/6/2012"
  },
  {
    "name": "Jailyn Dibbert",
    "birthday": "8/7/2015"
  },
  {
    "name": "Alvina O'Connell",
    "birthday": "2/14/2015"
  },
  {
    "name": "Brenna Stokes",
    "birthday": "5/13/2010"
  },
  {
    "name": "Edwin Reinger",
    "birthday": "5/3/2013"
  },
  {
    "name": "Octavia Emard",
    "birthday": "7/25/2010"
  },
  {
    "name": "Petra Kris",
    "birthday": "8/7/2015"
  },
  {
    "name": "Elizabeth Reichert",
    "birthday": "5/18/2019"
  },
  {
    "name": "Deshawn Corwin",
    "birthday": "5/6/2013"
  },
  {
    "name": "Kaley Pollich",
    "birthday": "2/12/2018"
  },
  {
    "name": "Lawson Mueller",
    "birthday": "9/20/2018"
  },
  {
    "name": "Merle Connelly",
    "birthday": "4/11/2016"
  },
  {
    "name": "Kailyn Greenholt",
    "birthday": "11/9/2017"
  },
  {
    "name": "Idella Reinger",
    "birthday": "6/5/2012"
  },
  {
    "name": "Sadie Bartoletti",
    "birthday": "3/23/2016"
  },
  {
    "name": "Dereck D'Amore",
    "birthday": "7/8/2019"
  },
  {
    "name": "Alexa Stark",
    "birthday": "10/6/2010"
  },
  {
    "name": "Jamir Douglas",
    "birthday": "5/9/2015"
  },
  {
    "name": "Uriah Boehm",
    "birthday": "2/20/2019"
  },
  {
    "name": "Coleman Zboncak",
    "birthday": "5/9/2014"
  },
  {
    "name": "Melvin Lockman",
    "birthday": "7/8/2014"
  },
  {
    "name": "Ethel Wisozk",
    "birthday": "1/20/2014"
  },
  {
    "name": "Johnnie Abshire",
    "birthday": "11/18/2017"
  },
  {
    "name": "Zechariah Kuhn",
    "birthday": "8/25/2015"
  },
  {
    "name": "Karine Langosh",
    "birthday": "9/23/2016"
  },
  {
    "name": "Catherine Rosenbaum",
    "birthday": "9/1/2018"
  },
  {
    "name": "Marlene Abbott",
    "birthday": "1/20/2010"
  },
  {
    "name": "Ibrahim Schneider",
    "birthday": "9/3/2016"
  },
  {
    "name": "Elvie Hettinger",
    "birthday": "3/15/2013"
  },
  {
    "name": "Matilde Pouros",
    "birthday": "2/5/2011"
  },
  {
    "name": "Desiree Cummerata",
    "birthday": "1/13/2010"
  },
  {
    "name": "Sidney Wolff",
    "birthday": "1/10/2018"
  },
  {
    "name": "Blaze Fay",
    "birthday": "9/4/2014"
  },
  {
    "name": "Peter Borer",
    "birthday": "4/24/2017"
  },
  {
    "name": "Blair Cormier",
    "birthday": "2/9/2013"
  },
  {
    "name": "Orion Sporer",
    "birthday": "11/10/2016"
  },
  {
    "name": "Evelyn Reichel",
    "birthday": "1/10/2015"
  },
  {
    "name": "Everett Tremblay",
    "birthday": "5/12/2011"
  },
  {
    "name": "Emmanuelle Davis",
    "birthday": "6/8/2018"
  },
  {
    "name": "Ford Torphy",
    "birthday": "3/20/2012"
  },
  {
    "name": "Cheyenne Walter",
    "birthday": "1/17/2019"
  },
  {
    "name": "Name Dibbert",
    "birthday": "3/6/2017"
  },
  {
    "name": "Miles Ritchie",
    "birthday": "4/20/2017"
  },
  {
    "name": "Keeley Fritsch",
    "birthday": "1/7/2018"
  },
  {
    "name": "Jillian Grant",
    "birthday": "11/23/2013"
  },
  {
    "name": "Alisa Mraz",
    "birthday": "6/4/2016"
  },
  {
    "name": "Geovanny Tillman",
    "birthday": "4/19/2010"
  },
  {
    "name": "Jake Yundt",
    "birthday": "11/6/2019"
  },
  {
    "name": "Reymundo Spencer",
    "birthday": "5/25/2012"
  },
  {
    "name": "Estell Quigley",
    "birthday": "6/13/2016"
  },
  {
    "name": "Kyle Ondricka",
    "birthday": "9/20/2012"
  },
  {
    "name": "Raoul Schultz",
    "birthday": "3/7/2017"
  },
  {
    "name": "Laverne Shanahan",
    "birthday": "4/21/2019"
  },
  {
    "name": "Dino Crooks",
    "birthday": "5/17/2018"
  },
  {
    "name": "Micheal Donnelly",
    "birthday": "1/8/2019"
  },
  {
    "name": "Berry Flatley",
    "birthday": "2/9/2011"
  },
  {
    "name": "Alize Wehner",
    "birthday": "1/18/2017"
  },
  {
    "name": "Vincenza Smith",
    "birthday": "8/10/2014"
  },
  {
    "name": "Rylan Krajcik",
    "birthday": "5/14/2013"
  },
  {
    "name": "Rocio Gutmann",
    "birthday": "3/19/2019"
  },
  {
    "name": "Guido Jacobson",
    "birthday": "8/23/2017"
  },
  {
    "name": "Lavinia McCullough",
    "birthday": "11/23/2019"
  },
  {
    "name": "Helmer Cummings",
    "birthday": "2/7/2016"
  },
  {
    "name": "Lori Huel",
    "birthday": "1/4/2014"
  },
  {
    "name": "Nettie Mueller",
    "birthday": "3/21/2013"
  },
  {
    "name": "Sincere Bradtke",
    "birthday": "1/6/2014"
  },
  {
    "name": "Dorcas Lubowitz",
    "birthday": "1/15/2015"
  },
  {
    "name": "Ivah Block",
    "birthday": "8/5/2016"
  },
  {
    "name": "Zoey Dare",
    "birthday": "6/2/2013"
  },
  {
    "name": "Grover Kulas",
    "birthday": "6/1/2013"
  },
  {
    "name": "Barbara Turcotte",
    "birthday": "9/22/2011"
  },
  {
    "name": "Loy Walker",
    "birthday": "3/14/2017"
  },
  {
    "name": "Rahsaan Haley",
    "birthday": "11/16/2012"
  },
  {
    "name": "Talon Kirlin",
    "birthday": "7/15/2015"
  },
  {
    "name": "Kian Runte",
    "birthday": "9/20/2015"
  },
  {
    "name": "Lew Greenholt",
    "birthday": "7/12/2016"
  },
  {
    "name": "Orval Shields",
    "birthday": "8/15/2013"
  },
  {
    "name": "Caterina Hills",
    "birthday": "11/3/2011"
  },
  {
    "name": "Chloe McClure",
    "birthday": "7/11/2012"
  },
  {
    "name": "Tia Friesen",
    "birthday": "6/7/2018"
  },
  {
    "name": "Verlie Erdman",
    "birthday": "9/10/2019"
  },
  {
    "name": "Genesis Kuhic",
    "birthday": "1/18/2016"
  },
  {
    "name": "Adolfo Nienow",
    "birthday": "1/2/2018"
  },
  {
    "name": "German Block",
    "birthday": "8/14/2013"
  },
  {
    "name": "Audra Bradtke",
    "birthday": "9/21/2015"
  },
  {
    "name": "Elton Abernathy",
    "birthday": "5/25/2019"
  },
  {
    "name": "Abbey Smith",
    "birthday": "9/18/2018"
  },
  {
    "name": "Bryce Jast",
    "birthday": "10/1/2012"
  },
  {
    "name": "Lilly Blanda",
    "birthday": "5/5/2015"
  },
  {
    "name": "Neal Bartell",
    "birthday": "1/22/2013"
  },
  {
    "name": "Godfrey Luettgen",
    "birthday": "9/2/2017"
  },
  {
    "name": "Ebony Heathcote",
    "birthday": "4/4/2011"
  },
  {
    "name": "Carleton Rohan",
    "birthday": "1/22/2016"
  },
  {
    "name": "Nelle Aufderhar",
    "birthday": "10/6/2011"
  },
  {
    "name": "Breanne Lind",
    "birthday": "9/4/2014"
  },
  {
    "name": "Jaquelin Johnson",
    "birthday": "1/25/2016"
  },
  {
    "name": "Allison Mraz",
    "birthday": "8/9/2019"
  },
  {
    "name": "Robert Mitchell",
    "birthday": "6/13/2010"
  },
  {
    "name": "Dorothy Prosacco",
    "birthday": "6/24/2012"
  },
  {
    "name": "Amy Jerde",
    "birthday": "5/6/2017"
  },
  {
    "name": "Magnus Emard",
    "birthday": "1/17/2018"
  },
  {
    "name": "Fern MacGyver",
    "birthday": "8/19/2015"
  },
  {
    "name": "Brain Ratke",
    "birthday": "9/17/2017"
  },
  {
    "name": "Ulises Halvorson",
    "birthday": "7/21/2018"
  },
  {
    "name": "Waino Keebler",
    "birthday": "10/7/2011"
  },
  {
    "name": "Jaiden Sporer",
    "birthday": "7/7/2013"
  },
  {
    "name": "Michele Langosh",
    "birthday": "11/4/2015"
  },
  {
    "name": "Dan Kuhn",
    "birthday": "2/21/2012"
  },
  {
    "name": "Jadon Kertzmann",
    "birthday": "4/24/2011"
  },
  {
    "name": "Hector Yost",
    "birthday": "11/7/2012"
  },
  {
    "name": "Wanda Rowe",
    "birthday": "9/20/2015"
  },
  {
    "name": "Granville Bogan",
    "birthday": "11/18/2014"
  },
  {
    "name": "Ernesto Veum",
    "birthday": "4/2/2017"
  },
  {
    "name": "Savion Schuppe",
    "birthday": "8/17/2016"
  },
  {
    "name": "Brooke Harber",
    "birthday": "6/11/2017"
  },
  {
    "name": "Marc Maggio",
    "birthday": "8/10/2017"
  },
  {
    "name": "Osborne Shanahan",
    "birthday": "10/11/2014"
  },
  {
    "name": "Kaelyn Strosin",
    "birthday": "7/5/2012"
  },
  {
    "name": "Gus Abbott",
    "birthday": "5/9/2012"
  },
  {
    "name": "Elody Emmerich",
    "birthday": "7/14/2010"
  },
  {
    "name": "Vincenzo Rodriguez",
    "birthday": "1/9/2015"
  },
  {
    "name": "Garth Trantow",
    "birthday": "9/19/2018"
  },
  {
    "name": "Robyn Kessler",
    "birthday": "5/10/2014"
  },
  {
    "name": "Adrianna Stehr",
    "birthday": "7/6/2012"
  },
  {
    "name": "Dayton Cartwright",
    "birthday": "11/21/2019"
  },
  {
    "name": "Mckayla Rowe",
    "birthday": "4/19/2014"
  },
  {
    "name": "Rowland Bogan",
    "birthday": "3/23/2017"
  },
  {
    "name": "Gordon Bergnaum",
    "birthday": "9/22/2015"
  },
  {
    "name": "Alyson Durgan",
    "birthday": "11/10/2014"
  },
  {
    "name": "Amparo Schoen",
    "birthday": "10/3/2010"
  },
  {
    "name": "Cassandra Ullrich",
    "birthday": "5/24/2019"
  },
  {
    "name": "Johnny Simonis",
    "birthday": "10/10/2015"
  },
  {
    "name": "Cole O'Reilly",
    "birthday": "9/13/2013"
  },
  {
    "name": "Noemi McLaughlin",
    "birthday": "9/17/2018"
  },
  {
    "name": "Madeline Reynolds",
    "birthday": "5/16/2011"
  },
  {
    "name": "Odell Ritchie",
    "birthday": "11/10/2013"
  },
  {
    "name": "Cathryn Baumbach",
    "birthday": "3/17/2011"
  },
  {
    "name": "Lauren Marquardt",
    "birthday": "6/2/2019"
  },
  {
    "name": "Troy Herzog",
    "birthday": "2/18/2015"
  },
  {
    "name": "Laurence Jones",
    "birthday": "11/19/2015"
  },
  {
    "name": "Jacques Ledner",
    "birthday": "6/24/2010"
  },
  {
    "name": "Aditya Mueller",
    "birthday": "1/2/2019"
  },
  {
    "name": "Mina Schoen",
    "birthday": "2/14/2013"
  },
  {
    "name": "Arianna Thiel",
    "birthday": "7/8/2011"
  },
  {
    "name": "Chadrick Hyatt",
    "birthday": "11/13/2018"
  },
  {
    "name": "Albina Stehr",
    "birthday": "5/7/2011"
  },
  {
    "name": "Terrill Gusikowski",
    "birthday": "8/3/2018"
  },
  {
    "name": "Camylle Bogisich",
    "birthday": "4/25/2011"
  },
  {
    "name": "Owen Schmeler",
    "birthday": "10/17/2012"
  },
  {
    "name": "Deontae O'Keefe",
    "birthday": "8/9/2011"
  },
  {
    "name": "Mariana Hauck",
    "birthday": "3/17/2019"
  },
  {
    "name": "Mossie Grimes",
    "birthday": "2/20/2011"
  },
  {
    "name": "Jackie Gibson",
    "birthday": "4/25/2017"
  },
  {
    "name": "Shaylee Fadel",
    "birthday": "7/16/2015"
  },
  {
    "name": "Jacques Schultz",
    "birthday": "7/25/2015"
  },
  {
    "name": "Reed Keeling",
    "birthday": "9/9/2019"
  },
  {
    "name": "Davon Wintheiser",
    "birthday": "3/24/2015"
  },
  {
    "name": "Niko Schmeler",
    "birthday": "1/13/2018"
  },
  {
    "name": "Margaretta Balistreri",
    "birthday": "9/5/2013"
  },
  {
    "name": "Daisy Nikolaus",
    "birthday": "3/25/2012"
  },
  {
    "name": "Neha Konopelski",
    "birthday": "8/1/2014"
  },
  {
    "name": "Miller Beer",
    "birthday": "8/1/2012"
  },
  {
    "name": "Caleb Borer",
    "birthday": "8/13/2015"
  },
  {
    "name": "Stanley Kihn",
    "birthday": "8/10/2012"
  },
  {
    "name": "D'angelo O'Keefe",
    "birthday": "1/24/2015"
  },
  {
    "name": "Gillian Senger",
    "birthday": "8/9/2013"
  },
  {
    "name": "Darrick Emard",
    "birthday": "11/10/2014"
  },
  {
    "name": "Josiane Yost",
    "birthday": "1/11/2012"
  },
  {
    "name": "Wayne Nienow",
    "birthday": "4/21/2015"
  },
  {
    "name": "Alvah Bartell",
    "birthday": "11/23/2018"
  },
  {
    "name": "Vince Abernathy",
    "birthday": "10/24/2019"
  },
  {
    "name": "Berenice Bailey",
    "birthday": "6/3/2011"
  },
  {
    "name": "Aimee Yundt",
    "birthday": "7/19/2014"
  },
  {
    "name": "Taya Kautzer",
    "birthday": "11/14/2010"
  },
  {
    "name": "Freddy Barrows",
    "birthday": "7/1/2012"
  },
  {
    "name": "Janessa Glover",
    "birthday": "8/9/2018"
  },
  {
    "name": "Jarod Marquardt",
    "birthday": "4/20/2014"
  },
  {
    "name": "Estella Champlin",
    "birthday": "10/1/2014"
  },
  {
    "name": "Eileen Pacocha",
    "birthday": "2/9/2017"
  },
  {
    "name": "Aglae Batz",
    "birthday": "5/10/2015"
  },
  {
    "name": "Nadia Wilderman",
    "birthday": "4/10/2017"
  },
  {
    "name": "Cecelia Bergnaum",
    "birthday": "1/25/2016"
  },
  {
    "name": "Bradly Hammes",
    "birthday": "5/7/2012"
  },
  {
    "name": "Johnathan Spinka",
    "birthday": "9/3/2015"
  },
  {
    "name": "Bobbie Stoltenberg",
    "birthday": "11/9/2018"
  },
  {
    "name": "Craig Feil",
    "birthday": "9/17/2016"
  },
  {
    "name": "Jayda Wiza",
    "birthday": "11/9/2012"
  },
  {
    "name": "Jettie Krajcik",
    "birthday": "9/2/2013"
  },
  {
    "name": "Sherman McKenzie",
    "birthday": "8/4/2015"
  },
  {
    "name": "Celestino Mosciski",
    "birthday": "7/18/2012"
  },
  {
    "name": "Kareem Grimes",
    "birthday": "10/2/2018"
  },
  {
    "name": "Donavon Champlin",
    "birthday": "2/22/2011"
  },
  {
    "name": "Izaiah Ankunding",
    "birthday": "9/24/2015"
  },
  {
    "name": "Cullen White",
    "birthday": "8/16/2013"
  },
  {
    "name": "Nick Simonis",
    "birthday": "1/15/2019"
  },
  {
    "name": "Warren Fadel",
    "birthday": "9/1/2019"
  },
  {
    "name": "John Bayer",
    "birthday": "6/18/2015"
  },
  {
    "name": "Bulah Koepp",
    "birthday": "8/1/2016"
  },
  {
    "name": "Christy Schulist",
    "birthday": "6/18/2019"
  },
  {
    "name": "Mara Beier",
    "birthday": "9/7/2016"
  },
  {
    "name": "Favian Hermiston",
    "birthday": "3/18/2012"
  },
  {
    "name": "Jonathan Heathcote",
    "birthday": "2/25/2019"
  },
  {
    "name": "Braeden Huel",
    "birthday": "9/17/2012"
  },
  {
    "name": "Eloise Schmitt",
    "birthday": "10/9/2012"
  },
  {
    "name": "Dena McDermott",
    "birthday": "10/9/2014"
  },
  {
    "name": "Aylin Adams",
    "birthday": "3/4/2010"
  },
  {
    "name": "Margarita Predovic",
    "birthday": "5/19/2014"
  },
  {
    "name": "Joany Schmitt",
    "birthday": "11/21/2019"
  },
  {
    "name": "Jaleel Braun",
    "birthday": "3/16/2018"
  },
  {
    "name": "Carlee Hoppe",
    "birthday": "4/14/2014"
  },
  {
    "name": "Trinity Carter",
    "birthday": "3/19/2015"
  },
  {
    "name": "Fay Heidenreich",
    "birthday": "5/1/2017"
  },
  {
    "name": "Emmanuelle Sporer",
    "birthday": "2/7/2019"
  },
  {
    "name": "Johnson Watsica",
    "birthday": "5/23/2013"
  },
  {
    "name": "Maegan Lesch",
    "birthday": "11/19/2012"
  },
  {
    "name": "Maurice Kessler",
    "birthday": "1/16/2013"
  },
  {
    "name": "Jazmin Kunde",
    "birthday": "5/15/2019"
  },
  {
    "name": "Westley Parker",
    "birthday": "5/15/2010"
  },
  {
    "name": "Ari Nitzsche",
    "birthday": "7/24/2012"
  },
  {
    "name": "Cristina Hansen",
    "birthday": "11/11/2012"
  },
  {
    "name": "Daphney O'Conner",
    "birthday": "2/19/2013"
  },
  {
    "name": "Dayna Ward",
    "birthday": "7/15/2016"
  },
  {
    "name": "Clotilde Nicolas",
    "birthday": "11/14/2014"
  },
  {
    "name": "Archibald Cronin",
    "birthday": "8/11/2011"
  },
  {
    "name": "Tod O'Hara",
    "birthday": "10/5/2013"
  },
  {
    "name": "Aurelia Langworth",
    "birthday": "10/20/2013"
  },
  {
    "name": "Elbert Ledner",
    "birthday": "8/19/2014"
  },
  {
    "name": "Jadyn Hauck",
    "birthday": "8/20/2019"
  },
  {
    "name": "Lesley Huel",
    "birthday": "8/4/2017"
  },
  {
    "name": "Saul Lynch",
    "birthday": "8/13/2015"
  },
  {
    "name": "Kian Lynch",
    "birthday": "3/21/2019"
  },
  {
    "name": "Camilla Roob",
    "birthday": "5/4/2010"
  },
  {
    "name": "Nannie Boyer",
    "birthday": "11/17/2019"
  },
  {
    "name": "Icie Okuneva",
    "birthday": "8/12/2016"
  },
  {
    "name": "Alfreda Beier",
    "birthday": "10/23/2019"
  },
  {
    "name": "Vanessa Becker",
    "birthday": "4/5/2016"
  },
  {
    "name": "Rebekah Dickens",
    "birthday": "9/8/2011"
  },
  {
    "name": "Oceane Durgan",
    "birthday": "4/14/2013"
  },
  {
    "name": "Catalina Mills",
    "birthday": "4/1/2010"
  },
  {
    "name": "Felicity Mann",
    "birthday": "4/1/2010"
  },
  {
    "name": "Guillermo Gutmann",
    "birthday": "9/11/2010"
  },
  {
    "name": "Sylvia Towne",
    "birthday": "10/25/2016"
  },
  {
    "name": "Camron Hegmann",
    "birthday": "10/4/2014"
  },
  {
    "name": "Jazlyn Smith",
    "birthday": "5/24/2013"
  },
  {
    "name": "Judy Kessler",
    "birthday": "5/23/2015"
  },
  {
    "name": "Rodrigo Kessler",
    "birthday": "3/2/2018"
  },
  {
    "name": "Aileen Beatty",
    "birthday": "4/12/2011"
  },
  {
    "name": "Geovanny Dibbert",
    "birthday": "2/24/2019"
  },
  {
    "name": "Berneice Nikolaus",
    "birthday": "2/16/2016"
  },
  {
    "name": "Genesis Heaney",
    "birthday": "8/7/2017"
  },
  {
    "name": "Pinkie Schroeder",
    "birthday": "2/23/2016"
  },
  {
    "name": "Joanie Rohan",
    "birthday": "11/10/2016"
  },
  {
    "name": "Ally Ziemann",
    "birthday": "4/16/2015"
  },
  {
    "name": "Eliezer Reichel",
    "birthday": "5/4/2010"
  },
  {
    "name": "Marge Brekke",
    "birthday": "10/9/2012"
  },
  {
    "name": "Stefan Feil",
    "birthday": "5/5/2016"
  },
  {
    "name": "Cindy Jacobi",
    "birthday": "3/11/2013"
  },
  {
    "name": "Meda Ratke",
    "birthday": "6/11/2013"
  },
  {
    "name": "Darien Hills",
    "birthday": "10/3/2011"
  },
  {
    "name": "Bell Lowe",
    "birthday": "10/10/2013"
  },
  {
    "name": "Benny D'Amore",
    "birthday": "6/21/2013"
  },
  {
    "name": "Cecil Crooks",
    "birthday": "5/25/2015"
  },
  {
    "name": "Esmeralda Hayes",
    "birthday": "9/10/2016"
  },
  {
    "name": "Judy Roob",
    "birthday": "5/14/2011"
  },
  {
    "name": "Abner Predovic",
    "birthday": "2/1/2010"
  },
  {
    "name": "Bianka Weber",
    "birthday": "10/8/2012"
  },
  {
    "name": "Emmanuelle Dickinson",
    "birthday": "9/20/2015"
  },
  {
    "name": "Ibrahim Spinka",
    "birthday": "5/12/2015"
  },
  {
    "name": "Justice Braun",
    "birthday": "1/14/2010"
  },
  {
    "name": "Christophe Kunze",
    "birthday": "1/8/2018"
  },
  {
    "name": "Brett Smitham",
    "birthday": "3/11/2014"
  },
  {
    "name": "Benny Fay",
    "birthday": "2/23/2011"
  },
  {
    "name": "Gregory Hyatt",
    "birthday": "2/10/2011"
  },
  {
    "name": "Odell Bergstrom",
    "birthday": "2/11/2012"
  },
  {
    "name": "Vinnie Gutmann",
    "birthday": "6/15/2015"
  },
  {
    "name": "Matilde Walsh",
    "birthday": "10/7/2011"
  },
  {
    "name": "Cecil Hyatt",
    "birthday": "3/16/2013"
  },
  {
    "name": "Ladarius Sipes",
    "birthday": "8/13/2018"
  },
  {
    "name": "Hiram Hirthe",
    "birthday": "2/18/2011"
  },
  {
    "name": "Durward Borer",
    "birthday": "4/23/2012"
  },
  {
    "name": "Coleman Adams",
    "birthday": "8/15/2014"
  },
  {
    "name": "Zoie Kilback",
    "birthday": "4/23/2015"
  },
  {
    "name": "Kimberly Lindgren",
    "birthday": "11/3/2015"
  },
  {
    "name": "Gabriel Larkin",
    "birthday": "5/2/2010"
  },
  {
    "name": "Murray Torp",
    "birthday": "3/25/2019"
  },
  {
    "name": "Orlando Fahey",
    "birthday": "2/21/2015"
  },
  {
    "name": "Fatima Tremblay",
    "birthday": "4/1/2017"
  },
  {
    "name": "Alivia Larson",
    "birthday": "6/9/2010"
  },
  {
    "name": "Elbert Padberg",
    "birthday": "6/19/2019"
  },
  {
    "name": "Lenora Wehner",
    "birthday": "2/19/2018"
  },
  {
    "name": "Shyanne Ernser",
    "birthday": "10/1/2010"
  },
  {
    "name": "Bessie Huel",
    "birthday": "11/1/2012"
  },
  {
    "name": "Blaise Kautzer",
    "birthday": "2/10/2010"
  },
  {
    "name": "Arnulfo Reichert",
    "birthday": "9/4/2018"
  },
  {
    "name": "Aliyah Powlowski",
    "birthday": "9/10/2019"
  },
  {
    "name": "Eveline Hamill",
    "birthday": "6/7/2012"
  },
  {
    "name": "Ashlynn Swift",
    "birthday": "2/25/2013"
  },
  {
    "name": "Christian Spencer",
    "birthday": "11/22/2019"
  },
  {
    "name": "Stephon Pagac",
    "birthday": "11/13/2013"
  },
  {
    "name": "Roosevelt Gottlieb",
    "birthday": "9/15/2018"
  },
  {
    "name": "Madalyn Hilll",
    "birthday": "10/10/2017"
  },
  {
    "name": "Timmy Sauer",
    "birthday": "2/16/2015"
  },
  {
    "name": "Ivy Yost",
    "birthday": "4/5/2011"
  },
  {
    "name": "Lenore Botsford",
    "birthday": "10/25/2010"
  },
  {
    "name": "Maci Sauer",
    "birthday": "8/14/2017"
  },
  {
    "name": "Jackie Hartmann",
    "birthday": "3/5/2013"
  },
  {
    "name": "Dillon Goyette",
    "birthday": "2/24/2018"
  },
  {
    "name": "Winifred Dickens",
    "birthday": "3/8/2015"
  },
  {
    "name": "Christy Schoen",
    "birthday": "10/10/2012"
  },
  {
    "name": "Tyra Watsica",
    "birthday": "11/6/2012"
  },
  {
    "name": "Hortense Pollich",
    "birthday": "1/21/2019"
  },
  {
    "name": "Veronica Bradtke",
    "birthday": "3/3/2010"
  },
  {
    "name": "Gerardo Ullrich",
    "birthday": "9/13/2019"
  },
  {
    "name": "Gonzalo Carroll",
    "birthday": "5/14/2016"
  },
  {
    "name": "Daniella Rippin",
    "birthday": "2/7/2013"
  },
  {
    "name": "Karine Cruickshank",
    "birthday": "2/7/2014"
  },
  {
    "name": "Adele Tromp",
    "birthday": "10/21/2010"
  },
  {
    "name": "Lesley Brakus",
    "birthday": "3/12/2012"
  },
  {
    "name": "Delphine Zemlak",
    "birthday": "8/22/2014"
  },
  {
    "name": "Friedrich Koelpin",
    "birthday": "1/22/2018"
  },
  {
    "name": "Laron Mayer",
    "birthday": "4/24/2019"
  },
  {
    "name": "Elliott Schuster",
    "birthday": "4/14/2018"
  },
  {
    "name": "Urban Kub",
    "birthday": "10/12/2017"
  },
  {
    "name": "Terrance Bernier",
    "birthday": "11/2/2010"
  },
  {
    "name": "Clyde Sporer",
    "birthday": "6/11/2016"
  },
  {
    "name": "Jalyn Stracke",
    "birthday": "7/2/2013"
  },
  {
    "name": "Piper Shields",
    "birthday": "1/6/2011"
  },
  {
    "name": "Ruben Luettgen",
    "birthday": "4/15/2018"
  },
  {
    "name": "Frederique Collins",
    "birthday": "6/3/2011"
  },
  {
    "name": "Candelario Jakubowski",
    "birthday": "6/16/2013"
  },
  {
    "name": "Monroe Wuckert",
    "birthday": "3/2/2010"
  },
  {
    "name": "Ignatius Dooley",
    "birthday": "6/14/2010"
  },
  {
    "name": "Mia Dietrich",
    "birthday": "4/3/2019"
  },
  {
    "name": "Dan Russel",
    "birthday": "8/6/2011"
  },
  {
    "name": "Chadrick Hettinger",
    "birthday": "3/17/2015"
  },
  {
    "name": "Laurianne Hickle",
    "birthday": "6/15/2019"
  },
  {
    "name": "Jany Marks",
    "birthday": "1/10/2010"
  },
  {
    "name": "Sydney Stokes",
    "birthday": "5/11/2014"
  },
  {
    "name": "Kassandra Walker",
    "birthday": "6/22/2018"
  },
  {
    "name": "Onie Willms",
    "birthday": "5/20/2016"
  },
  {
    "name": "Rylee Kuvalis",
    "birthday": "5/22/2013"
  },
  {
    "name": "Laura Schaden",
    "birthday": "4/16/2015"
  },
  {
    "name": "Carroll Jast",
    "birthday": "7/4/2014"
  },
  {
    "name": "Dora Rice",
    "birthday": "5/19/2013"
  },
  {
    "name": "Liliana Muller",
    "birthday": "2/24/2014"
  },
  {
    "name": "Arjun Hoppe",
    "birthday": "3/12/2012"
  },
  {
    "name": "Elna Jacobs",
    "birthday": "6/13/2017"
  },
  {
    "name": "Magnolia West",
    "birthday": "4/8/2019"
  },
  {
    "name": "Jailyn Fisher",
    "birthday": "8/20/2016"
  },
  {
    "name": "Jeramy Ferry",
    "birthday": "7/8/2014"
  },
  {
    "name": "Lenora White",
    "birthday": "6/14/2011"
  },
  {
    "name": "Christian Greenfelder",
    "birthday": "5/2/2017"
  },
  {
    "name": "Dean Marks",
    "birthday": "3/12/2017"
  },
  {
    "name": "Theresia Strosin",
    "birthday": "10/11/2010"
  },
  {
    "name": "Madalyn Durgan",
    "birthday": "8/2/2019"
  },
  {
    "name": "Emerson Pfannerstill",
    "birthday": "7/21/2011"
  },
  {
    "name": "Sandrine Brakus",
    "birthday": "2/6/2016"
  },
  {
    "name": "Tremaine Ankunding",
    "birthday": "4/24/2015"
  },
  {
    "name": "Aniya Hodkiewicz",
    "birthday": "7/1/2015"
  },
  {
    "name": "Rae Kshlerin",
    "birthday": "4/3/2014"
  },
  {
    "name": "Kylee Little",
    "birthday": "10/12/2019"
  },
  {
    "name": "Bobbie Mertz",
    "birthday": "4/2/2017"
  },
  {
    "name": "Irma Lockman",
    "birthday": "1/17/2018"
  },
  {
    "name": "Tyrel Farrell",
    "birthday": "8/21/2018"
  },
  {
    "name": "Virgil Gleichner",
    "birthday": "1/22/2017"
  },
  {
    "name": "Jesse King",
    "birthday": "11/15/2012"
  },
  {
    "name": "Maynard Haag",
    "birthday": "8/25/2012"
  },
  {
    "name": "Evelyn King",
    "birthday": "8/22/2010"
  },
  {
    "name": "Rhea Gaylord",
    "birthday": "6/16/2019"
  },
  {
    "name": "Bertrand Hickle",
    "birthday": "6/6/2015"
  },
  {
    "name": "Christy Christiansen",
    "birthday": "1/13/2013"
  },
  {
    "name": "Esmeralda Kemmer",
    "birthday": "3/13/2011"
  },
  {
    "name": "Jayce Dickens",
    "birthday": "9/24/2017"
  },
  {
    "name": "Sandrine Casper",
    "birthday": "8/18/2013"
  },
  {
    "name": "Tillman Rath",
    "birthday": "2/13/2012"
  },
  {
    "name": "Brant Waelchi",
    "birthday": "6/18/2017"
  },
  {
    "name": "Javonte Luettgen",
    "birthday": "9/11/2017"
  },
  {
    "name": "Elsa Howe",
    "birthday": "4/5/2013"
  },
  {
    "name": "Monique Brekke",
    "birthday": "2/6/2015"
  },
  {
    "name": "Jocelyn Jones",
    "birthday": "10/21/2019"
  },
  {
    "name": "Shyann Rodriguez",
    "birthday": "3/14/2013"
  },
  {
    "name": "Sharon Torp",
    "birthday": "5/17/2012"
  },
  {
    "name": "Olen O'Connell",
    "birthday": "8/9/2019"
  },
  {
    "name": "Desiree Boyer",
    "birthday": "9/8/2010"
  },
  {
    "name": "Aliya Green",
    "birthday": "3/5/2012"
  },
  {
    "name": "Wiley Rodriguez",
    "birthday": "9/22/2016"
  },
  {
    "name": "Giuseppe Nikolaus",
    "birthday": "7/18/2010"
  },
  {
    "name": "Remington Hahn",
    "birthday": "7/21/2018"
  },
  {
    "name": "Miguel Schmeler",
    "birthday": "5/22/2017"
  },
  {
    "name": "Melisa Christiansen",
    "birthday": "11/18/2014"
  },
  {
    "name": "Stacey Rowe",
    "birthday": "4/2/2018"
  },
  {
    "name": "Jaiden Orn",
    "birthday": "8/2/2011"
  },
  {
    "name": "Heber Leuschke",
    "birthday": "10/25/2019"
  },
  {
    "name": "Seth Lowe",
    "birthday": "11/3/2014"
  },
  {
    "name": "Eliza Okuneva",
    "birthday": "9/3/2018"
  },
  {
    "name": "Brennan Purdy",
    "birthday": "5/13/2011"
  },
  {
    "name": "Velva Ledner",
    "birthday": "4/25/2013"
  },
  {
    "name": "Napoleon Osinski",
    "birthday": "9/3/2017"
  },
  {
    "name": "Lincoln Cormier",
    "birthday": "2/18/2014"
  },
  {
    "name": "Eunice Reilly",
    "birthday": "1/4/2018"
  },
  {
    "name": "Rowan Prosacco",
    "birthday": "4/19/2017"
  },
  {
    "name": "Devon Gottlieb",
    "birthday": "3/8/2016"
  },
  {
    "name": "Rosella Reinger",
    "birthday": "1/2/2013"
  },
  {
    "name": "Jennifer Franecki",
    "birthday": "2/21/2018"
  },
  {
    "name": "Kiana Morar",
    "birthday": "6/22/2016"
  },
  {
    "name": "Lemuel Klocko",
    "birthday": "7/13/2019"
  },
  {
    "name": "Nicole Ward",
    "birthday": "8/10/2019"
  },
  {
    "name": "Buck Crooks",
    "birthday": "4/7/2012"
  },
  {
    "name": "Vicente Spencer",
    "birthday": "5/15/2015"
  },
  {
    "name": "Nelle Casper",
    "birthday": "2/20/2010"
  },
  {
    "name": "Aubree Quigley",
    "birthday": "2/23/2010"
  },
  {
    "name": "Eldridge Block",
    "birthday": "9/18/2013"
  },
  {
    "name": "Kattie Hodkiewicz",
    "birthday": "10/5/2011"
  },
  {
    "name": "Queen Kshlerin",
    "birthday": "1/3/2010"
  },
  {
    "name": "Tina Brekke",
    "birthday": "10/14/2012"
  },
  {
    "name": "Glenna Mohr",
    "birthday": "5/7/2012"
  },
  {
    "name": "Nasir Schinner",
    "birthday": "9/10/2018"
  },
  {
    "name": "Melissa Metz",
    "birthday": "3/15/2019"
  },
  {
    "name": "Eliseo Zulauf",
    "birthday": "10/6/2016"
  },
  {
    "name": "Keven Mosciski",
    "birthday": "10/18/2010"
  },
  {
    "name": "Bulah Mertz",
    "birthday": "1/19/2019"
  },
  {
    "name": "Shanny Jakubowski",
    "birthday": "5/6/2011"
  },
  {
    "name": "Shawna Bergstrom",
    "birthday": "5/6/2018"
  },
  {
    "name": "Carli Pfannerstill",
    "birthday": "1/23/2019"
  },
  {
    "name": "Janiya Kohler",
    "birthday": "9/6/2017"
  },
  {
    "name": "Rory Miller",
    "birthday": "11/16/2010"
  },
  {
    "name": "Dallin Friesen",
    "birthday": "9/16/2017"
  },
  {
    "name": "Florencio Steuber",
    "birthday": "2/8/2012"
  },
  {
    "name": "Ella Daniel",
    "birthday": "9/25/2014"
  },
  {
    "name": "Jalon Connelly",
    "birthday": "4/21/2010"
  },
  {
    "name": "Lewis Pollich",
    "birthday": "7/12/2015"
  },
  {
    "name": "Fausto Reinger",
    "birthday": "11/22/2016"
  },
  {
    "name": "Norval Nicolas",
    "birthday": "6/8/2014"
  },
  {
    "name": "Eleanore Crona",
    "birthday": "3/25/2010"
  },
  {
    "name": "Liza McGlynn",
    "birthday": "1/25/2010"
  },
  {
    "name": "Onie Gerlach",
    "birthday": "3/12/2014"
  },
  {
    "name": "Maritza Franecki",
    "birthday": "4/9/2012"
  },
  {
    "name": "Jack Wiza",
    "birthday": "6/16/2015"
  },
  {
    "name": "Dedrick Veum",
    "birthday": "9/9/2013"
  },
  {
    "name": "Jovanny Bernhard",
    "birthday": "7/17/2010"
  },
  {
    "name": "Shannon Ankunding",
    "birthday": "1/24/2014"
  },
  {
    "name": "Elody Jacobi",
    "birthday": "8/1/2012"
  },
  {
    "name": "Arturo Block",
    "birthday": "7/20/2011"
  },
  {
    "name": "Jewel Sipes",
    "birthday": "9/16/2017"
  },
  {
    "name": "Katlynn Kemmer",
    "birthday": "8/7/2014"
  },
  {
    "name": "Celestino Aufderhar",
    "birthday": "6/14/2017"
  },
  {
    "name": "Samson Emmerich",
    "birthday": "10/13/2013"
  },
  {
    "name": "Ollie Ruecker",
    "birthday": "5/5/2018"
  },
  {
    "name": "Chandler Altenwerth",
    "birthday": "10/12/2014"
  },
  {
    "name": "Roma Weissnat",
    "birthday": "4/16/2011"
  },
  {
    "name": "Marisa Jakubowski",
    "birthday": "2/13/2014"
  },
  {
    "name": "Neal Rice",
    "birthday": "7/7/2013"
  },
  {
    "name": "Vernon Heathcote",
    "birthday": "5/1/2018"
  },
  {
    "name": "Vern Lakin",
    "birthday": "4/16/2012"
  },
  {
    "name": "Susan Ankunding",
    "birthday": "2/1/2013"
  },
  {
    "name": "Armani Emmerich",
    "birthday": "2/8/2011"
  },
  {
    "name": "Frieda Cole",
    "birthday": "6/18/2011"
  },
  {
    "name": "Angelita Kris",
    "birthday": "8/24/2013"
  },
  {
    "name": "Adela Swaniawski",
    "birthday": "5/6/2017"
  },
  {
    "name": "Ottilie Nitzsche",
    "birthday": "9/24/2016"
  },
  {
    "name": "Hailee Kunde",
    "birthday": "3/12/2013"
  },
  {
    "name": "Durward Champlin",
    "birthday": "2/20/2015"
  },
  {
    "name": "Claudine Hoppe",
    "birthday": "4/17/2016"
  },
  {
    "name": "Estrella West",
    "birthday": "8/7/2016"
  },
  {
    "name": "Lea Harber",
    "birthday": "3/23/2012"
  },
  {
    "name": "Gerson Gottlieb",
    "birthday": "8/12/2018"
  },
  {
    "name": "Tabitha Stiedemann",
    "birthday": "5/14/2018"
  },
  {
    "name": "Darrel Spencer",
    "birthday": "4/5/2010"
  },
  {
    "name": "Eulalia Armstrong",
    "birthday": "5/8/2011"
  },
  {
    "name": "Anne Boyer",
    "birthday": "4/22/2013"
  },
  {
    "name": "Joel Howe",
    "birthday": "11/3/2017"
  },
  {
    "name": "Cale Klocko",
    "birthday": "2/14/2012"
  },
  {
    "name": "Kellie Becker",
    "birthday": "7/18/2018"
  },
  {
    "name": "Clementine Terry",
    "birthday": "3/18/2011"
  },
  {
    "name": "Hank Thompson",
    "birthday": "8/21/2013"
  },
  {
    "name": "Raheem Stanton",
    "birthday": "6/25/2011"
  },
  {
    "name": "Alejandrin Funk",
    "birthday": "10/7/2015"
  },
  {
    "name": "Braulio Lebsack",
    "birthday": "7/15/2016"
  },
  {
    "name": "Morton Denesik",
    "birthday": "9/2/2017"
  },
  {
    "name": "Filomena Zieme",
    "birthday": "8/4/2013"
  },
  {
    "name": "Sherman Huels",
    "birthday": "9/23/2019"
  },
  {
    "name": "Dewayne Mueller",
    "birthday": "4/22/2013"
  },
  {
    "name": "Jewell Cormier",
    "birthday": "5/21/2014"
  },
  {
    "name": "Jerald Kozey",
    "birthday": "2/22/2017"
  },
  {
    "name": "Misty Kutch",
    "birthday": "4/16/2011"
  },
  {
    "name": "Elton Raynor",
    "birthday": "7/5/2010"
  },
  {
    "name": "Torrey Runolfsson",
    "birthday": "5/9/2015"
  },
  {
    "name": "Keshawn Harris",
    "birthday": "4/2/2012"
  },
  {
    "name": "Gertrude Schiller",
    "birthday": "10/25/2010"
  },
  {
    "name": "Dax Crist",
    "birthday": "2/23/2019"
  },
  {
    "name": "Dorian Haley",
    "birthday": "11/17/2014"
  },
  {
    "name": "Ismael Runte",
    "birthday": "3/1/2011"
  },
  {
    "name": "Jayce Cartwright",
    "birthday": "5/18/2017"
  },
  {
    "name": "Asha Hills",
    "birthday": "7/24/2014"
  },
  {
    "name": "Nathen Farrell",
    "birthday": "2/16/2013"
  },
  {
    "name": "Itzel Luettgen",
    "birthday": "9/7/2019"
  },
  {
    "name": "Josefina Kling",
    "birthday": "1/17/2017"
  },
  {
    "name": "Ruth Abbott",
    "birthday": "10/7/2019"
  },
  {
    "name": "Abdullah Nader",
    "birthday": "8/15/2016"
  },
  {
    "name": "Sally Hodkiewicz",
    "birthday": "1/8/2019"
  },
  {
    "name": "Margret Boehm",
    "birthday": "1/24/2017"
  },
  {
    "name": "Dahlia Toy",
    "birthday": "2/20/2017"
  },
  {
    "name": "Madison Hagenes",
    "birthday": "6/25/2013"
  },
  {
    "name": "Otis Stracke",
    "birthday": "3/25/2013"
  },
  {
    "name": "Gino Doyle",
    "birthday": "10/4/2017"
  },
  {
    "name": "Tia Kirlin",
    "birthday": "4/16/2012"
  },
  {
    "name": "Kay Schoen",
    "birthday": "7/25/2017"
  },
  {
    "name": "Bryana Zieme",
    "birthday": "9/9/2013"
  },
  {
    "name": "Paige Cormier",
    "birthday": "1/24/2017"
  },
  {
    "name": "Jordi Kuphal",
    "birthday": "10/22/2010"
  },
  {
    "name": "Ferne Bailey",
    "birthday": "5/12/2015"
  },
  {
    "name": "Annamarie Kirlin",
    "birthday": "3/16/2016"
  },
  {
    "name": "Vita Stoltenberg",
    "birthday": "2/12/2015"
  },
  {
    "name": "Dan Dicki",
    "birthday": "7/11/2014"
  },
  {
    "name": "Elwyn Bahringer",
    "birthday": "7/8/2014"
  },
  {
    "name": "Kitty Murphy",
    "birthday": "1/11/2012"
  },
  {
    "name": "Reynold Considine",
    "birthday": "10/11/2018"
  },
  {
    "name": "Kimberly Haag",
    "birthday": "8/21/2018"
  },
  {
    "name": "Cecile Sanford",
    "birthday": "10/6/2013"
  },
  {
    "name": "Kamille Schroeder",
    "birthday": "3/3/2018"
  },
  {
    "name": "Adelia Swift",
    "birthday": "7/12/2017"
  },
  {
    "name": "Electa Funk",
    "birthday": "7/24/2018"
  },
  {
    "name": "Jermey McCullough",
    "birthday": "1/2/2012"
  },
  {
    "name": "Camron Blanda",
    "birthday": "4/13/2013"
  },
  {
    "name": "Jadyn Nader",
    "birthday": "4/25/2011"
  },
  {
    "name": "Earl Weissnat",
    "birthday": "9/4/2014"
  },
  {
    "name": "Tyree McClure",
    "birthday": "10/5/2018"
  },
  {
    "name": "Palma Stroman",
    "birthday": "3/23/2012"
  },
  {
    "name": "Rowena Rau",
    "birthday": "7/10/2011"
  },
  {
    "name": "Morton Barrows",
    "birthday": "1/9/2016"
  },
  {
    "name": "Lisandro Kuhn",
    "birthday": "9/11/2019"
  },
  {
    "name": "Vena Kuphal",
    "birthday": "5/14/2010"
  },
  {
    "name": "Cale Yost",
    "birthday": "8/12/2011"
  },
  {
    "name": "Velda Hand",
    "birthday": "4/1/2011"
  },
  {
    "name": "Cora Wiegand",
    "birthday": "1/11/2012"
  },
  {
    "name": "Bart Blick",
    "birthday": "2/7/2015"
  },
  {
    "name": "Madge Krajcik",
    "birthday": "10/25/2018"
  },
  {
    "name": "Cory McCullough",
    "birthday": "6/2/2015"
  },
  {
    "name": "Vivianne Raynor",
    "birthday": "3/15/2015"
  },
  {
    "name": "Thad Gutkowski",
    "birthday": "10/6/2012"
  },
  {
    "name": "Salma Stanton",
    "birthday": "11/5/2017"
  },
  {
    "name": "Aidan Bashirian",
    "birthday": "10/3/2011"
  },
  {
    "name": "Pearline Dach",
    "birthday": "10/15/2010"
  },
  {
    "name": "Nella Kautzer",
    "birthday": "11/19/2011"
  },
  {
    "name": "Malinda Walker",
    "birthday": "2/1/2012"
  },
  {
    "name": "Bert Stiedemann",
    "birthday": "1/2/2010"
  },
  {
    "name": "Mireya Schmidt",
    "birthday": "8/10/2010"
  },
  {
    "name": "Leonel Hoppe",
    "birthday": "6/13/2016"
  },
  {
    "name": "Josiah Lindgren",
    "birthday": "1/22/2010"
  },
  {
    "name": "Sheldon Kozey",
    "birthday": "1/14/2010"
  },
  {
    "name": "Kaci Lemke",
    "birthday": "9/18/2014"
  },
  {
    "name": "Saul Funk",
    "birthday": "1/9/2016"
  },
  {
    "name": "Cierra Corkery",
    "birthday": "7/17/2012"
  },
  {
    "name": "Ezequiel Cummerata",
    "birthday": "9/10/2016"
  },
  {
    "name": "Ofelia Spinka",
    "birthday": "8/19/2010"
  },
  {
    "name": "Lauren Lemke",
    "birthday": "11/10/2012"
  },
  {
    "name": "Zachary Roberts",
    "birthday": "3/25/2014"
  },
  {
    "name": "Myrtice Breitenberg",
    "birthday": "8/11/2018"
  },
  {
    "name": "Carlo Kessler",
    "birthday": "1/9/2016"
  },
  {
    "name": "Alverta Smitham",
    "birthday": "10/8/2014"
  },
  {
    "name": "Izaiah Rogahn",
    "birthday": "3/10/2017"
  },
  {
    "name": "Van Quigley",
    "birthday": "8/6/2010"
  },
  {
    "name": "Landen Johnston",
    "birthday": "5/19/2019"
  },
  {
    "name": "Madilyn Carroll",
    "birthday": "2/10/2014"
  },
  {
    "name": "Wendy Ullrich",
    "birthday": "4/25/2016"
  },
  {
    "name": "Georgianna Kris",
    "birthday": "10/11/2018"
  },
  {
    "name": "Kyle Bechtelar",
    "birthday": "9/19/2018"
  },
  {
    "name": "Armando Harvey",
    "birthday": "4/18/2014"
  },
  {
    "name": "Green Walsh",
    "birthday": "8/4/2017"
  },
  {
    "name": "Laurel Casper",
    "birthday": "11/23/2017"
  },
  {
    "name": "Pearline Gutkowski",
    "birthday": "8/22/2012"
  },
  {
    "name": "Matt Okuneva",
    "birthday": "10/2/2018"
  },
  {
    "name": "Nannie Kub",
    "birthday": "7/7/2017"
  },
  {
    "name": "Colton Sanford",
    "birthday": "9/23/2019"
  },
  {
    "name": "Trent Erdman",
    "birthday": "5/20/2016"
  },
  {
    "name": "Herminia Haley",
    "birthday": "1/19/2014"
  },
  {
    "name": "Ken Gleichner",
    "birthday": "3/14/2012"
  },
  {
    "name": "Nova Pagac",
    "birthday": "1/20/2012"
  },
  {
    "name": "Simone Russel",
    "birthday": "3/3/2019"
  },
  {
    "name": "Darren Will",
    "birthday": "10/9/2019"
  },
  {
    "name": "Bryana Langworth",
    "birthday": "9/16/2014"
  },
  {
    "name": "Gerard Wuckert",
    "birthday": "7/16/2010"
  },
  {
    "name": "Sven Armstrong",
    "birthday": "5/15/2011"
  },
  {
    "name": "Richie Walter",
    "birthday": "11/10/2017"
  },
  {
    "name": "Marcel Gusikowski",
    "birthday": "8/24/2015"
  },
  {
    "name": "Jesus Stracke",
    "birthday": "4/12/2016"
  },
  {
    "name": "Imani Gaylord",
    "birthday": "4/23/2018"
  },
  {
    "name": "Perry Bednar",
    "birthday": "5/4/2012"
  },
  {
    "name": "Karina Hessel",
    "birthday": "10/9/2012"
  },
  {
    "name": "Camilla McDermott",
    "birthday": "9/23/2014"
  },
  {
    "name": "Malcolm Kuphal",
    "birthday": "1/18/2011"
  },
  {
    "name": "Narciso Weber",
    "birthday": "5/10/2013"
  },
  {
    "name": "Marcellus Schuppe",
    "birthday": "5/15/2014"
  },
  {
    "name": "Felton Wuckert",
    "birthday": "2/4/2017"
  },
  {
    "name": "Valerie Metz",
    "birthday": "11/6/2019"
  },
  {
    "name": "Michael Considine",
    "birthday": "1/23/2010"
  },
  {
    "name": "Fidel Witting",
    "birthday": "6/5/2011"
  },
  {
    "name": "Salma Rutherford",
    "birthday": "4/17/2016"
  },
  {
    "name": "Warren Smitham",
    "birthday": "7/17/2011"
  },
  {
    "name": "Manley D'Amore",
    "birthday": "11/9/2013"
  },
  {
    "name": "Antwan Gerlach",
    "birthday": "4/1/2010"
  },
  {
    "name": "Anya Lueilwitz",
    "birthday": "4/22/2015"
  },
  {
    "name": "Natalia Kirlin",
    "birthday": "3/7/2011"
  },
  {
    "name": "Annabel Langworth",
    "birthday": "3/2/2018"
  },
  {
    "name": "Theresa Waelchi",
    "birthday": "8/4/2018"
  },
  {
    "name": "Marina Feeney",
    "birthday": "10/14/2013"
  },
  {
    "name": "Ofelia Marquardt",
    "birthday": "2/21/2015"
  },
  {
    "name": "Pierre Fritsch",
    "birthday": "8/4/2010"
  },
  {
    "name": "Yazmin Moen",
    "birthday": "2/6/2010"
  },
  {
    "name": "Antwon Denesik",
    "birthday": "2/12/2016"
  },
  {
    "name": "Suzanne Bailey",
    "birthday": "9/6/2012"
  },
  {
    "name": "Magnolia Labadie",
    "birthday": "9/12/2012"
  },
  {
    "name": "Gabe Moore",
    "birthday": "8/6/2015"
  },
  {
    "name": "Kathryn Cruickshank",
    "birthday": "3/9/2018"
  },
  {
    "name": "Grace Upton",
    "birthday": "9/16/2014"
  },
  {
    "name": "Demarco Bradtke",
    "birthday": "4/1/2010"
  },
  {
    "name": "Reuben Christiansen",
    "birthday": "3/20/2013"
  },
  {
    "name": "Madisen Hayes",
    "birthday": "5/17/2015"
  },
  {
    "name": "Orin Herzog",
    "birthday": "7/13/2013"
  },
  {
    "name": "Erling Cormier",
    "birthday": "8/19/2015"
  },
  {
    "name": "Cathy Zulauf",
    "birthday": "3/22/2017"
  },
  {
    "name": "Alexzander Fisher",
    "birthday": "11/13/2019"
  },
  {
    "name": "Rusty Herman",
    "birthday": "1/5/2017"
  },
  {
    "name": "Hassan Kreiger",
    "birthday": "8/7/2016"
  },
  {
    "name": "Skyla Gottlieb",
    "birthday": "5/20/2011"
  },
  {
    "name": "Maria Bernhard",
    "birthday": "8/25/2014"
  },
  {
    "name": "Willa Stamm",
    "birthday": "2/7/2010"
  },
  {
    "name": "Telly Legros",
    "birthday": "10/17/2010"
  },
  {
    "name": "Shaniya Howell",
    "birthday": "2/20/2018"
  },
  {
    "name": "Jessika Lubowitz",
    "birthday": "5/8/2012"
  },
  {
    "name": "Myriam Stehr",
    "birthday": "6/4/2014"
  },
  {
    "name": "Lauryn Thiel",
    "birthday": "11/9/2012"
  },
  {
    "name": "Bertha Torphy",
    "birthday": "4/17/2014"
  },
  {
    "name": "Macy Prosacco",
    "birthday": "1/12/2013"
  },
  {
    "name": "Loyce Oberbrunner",
    "birthday": "9/17/2016"
  },
  {
    "name": "Cristal Padberg",
    "birthday": "1/4/2019"
  },
  {
    "name": "Orlando Kutch",
    "birthday": "4/16/2010"
  },
  {
    "name": "Molly Champlin",
    "birthday": "11/12/2011"
  },
  {
    "name": "Lazaro Wunsch",
    "birthday": "3/2/2016"
  },
  {
    "name": "Nikita Gulgowski",
    "birthday": "2/13/2014"
  },
  {
    "name": "Wilton Steuber",
    "birthday": "10/2/2019"
  },
  {
    "name": "Royce Robel",
    "birthday": "6/12/2017"
  },
  {
    "name": "Rahul Stoltenberg",
    "birthday": "2/15/2018"
  },
  {
    "name": "Noemie Nikolaus",
    "birthday": "4/23/2018"
  },
  {
    "name": "Esperanza Legros",
    "birthday": "4/13/2011"
  },
  {
    "name": "Wellington Treutel",
    "birthday": "11/19/2015"
  },
  {
    "name": "Will Pouros",
    "birthday": "3/21/2015"
  },
  {
    "name": "Hortense D'Amore",
    "birthday": "4/6/2011"
  },
  {
    "name": "Harmony Ferry",
    "birthday": "1/4/2012"
  },
  {
    "name": "Efren Yundt",
    "birthday": "5/24/2011"
  },
  {
    "name": "Chelsea Ebert",
    "birthday": "8/20/2018"
  },
  {
    "name": "Godfrey Cruickshank",
    "birthday": "4/9/2012"
  },
  {
    "name": "Javier Heidenreich",
    "birthday": "6/12/2019"
  },
  {
    "name": "Lincoln Labadie",
    "birthday": "2/21/2016"
  },
  {
    "name": "Addison Lockman",
    "birthday": "7/10/2010"
  },
  {
    "name": "Bettye Bartell",
    "birthday": "4/23/2010"
  },
  {
    "name": "Nannie Buckridge",
    "birthday": "11/10/2015"
  },
  {
    "name": "Vernie Bogan",
    "birthday": "2/14/2015"
  },
  {
    "name": "Gilberto Larson",
    "birthday": "11/5/2012"
  },
  {
    "name": "Fern Mitchell",
    "birthday": "8/10/2010"
  },
  {
    "name": "Gerda Lesch",
    "birthday": "7/13/2018"
  },
  {
    "name": "Viola Grant",
    "birthday": "11/18/2011"
  },
  {
    "name": "Pasquale Lubowitz",
    "birthday": "4/20/2014"
  },
  {
    "name": "Velda Auer",
    "birthday": "11/14/2011"
  },
  {
    "name": "Cicero Hintz",
    "birthday": "5/8/2012"
  },
  {
    "name": "Alek Block",
    "birthday": "4/14/2016"
  },
  {
    "name": "Arlie Hamill",
    "birthday": "9/23/2019"
  },
  {
    "name": "Damon Kuhic",
    "birthday": "3/24/2017"
  },
  {
    "name": "Leilani Bogisich",
    "birthday": "5/9/2018"
  },
  {
    "name": "Beth Gislason",
    "birthday": "5/15/2015"
  },
  {
    "name": "Darion Schoen",
    "birthday": "8/14/2019"
  },
  {
    "name": "Friedrich Donnelly",
    "birthday": "8/23/2012"
  },
  {
    "name": "Elissa Lebsack",
    "birthday": "4/19/2011"
  },
  {
    "name": "Eloisa Ebert",
    "birthday": "4/18/2015"
  },
  {
    "name": "Emerson Ondricka",
    "birthday": "8/16/2014"
  },
  {
    "name": "Vito Quitzon",
    "birthday": "3/7/2013"
  },
  {
    "name": "Carissa Blick",
    "birthday": "6/14/2012"
  },
  {
    "name": "Joshuah Tremblay",
    "birthday": "4/13/2011"
  },
  {
    "name": "Morton Jast",
    "birthday": "7/7/2013"
  },
  {
    "name": "Shane Rodriguez",
    "birthday": "8/21/2017"
  },
  {
    "name": "Wendy Rippin",
    "birthday": "7/10/2014"
  },
  {
    "name": "Maxime Lind",
    "birthday": "2/17/2014"
  },
  {
    "name": "Ellsworth Cole",
    "birthday": "2/7/2018"
  },
  {
    "name": "Avery Brown",
    "birthday": "9/2/2017"
  },
  {
    "name": "Ariane Schneider",
    "birthday": "2/19/2018"
  },
  {
    "name": "Kitty Yost",
    "birthday": "2/10/2019"
  },
  {
    "name": "Dino Mills",
    "birthday": "7/15/2010"
  },
  {
    "name": "Reanna Altenwerth",
    "birthday": "10/3/2016"
  },
  {
    "name": "Aniya Marvin",
    "birthday": "3/13/2011"
  },
  {
    "name": "Otilia Little",
    "birthday": "5/9/2013"
  },
  {
    "name": "Meggie Schneider",
    "birthday": "1/5/2019"
  },
  {
    "name": "Raoul Sauer",
    "birthday": "2/2/2018"
  },
  {
    "name": "Turner Tromp",
    "birthday": "3/8/2016"
  },
  {
    "name": "Dayton Maggio",
    "birthday": "7/2/2016"
  },
  {
    "name": "Pinkie Nolan",
    "birthday": "9/18/2014"
  },
  {
    "name": "Kelley Brekke",
    "birthday": "8/17/2016"
  },
  {
    "name": "Tillman Legros",
    "birthday": "3/2/2017"
  },
  {
    "name": "Jamarcus Mohr",
    "birthday": "4/12/2014"
  },
  {
    "name": "Marcel Senger",
    "birthday": "10/13/2011"
  },
  {
    "name": "Nicola Hessel",
    "birthday": "2/18/2012"
  },
  {
    "name": "Sophie Mertz",
    "birthday": "5/6/2013"
  },
  {
    "name": "Naomie Metz",
    "birthday": "8/20/2018"
  },
  {
    "name": "Rosalyn Thompson",
    "birthday": "2/5/2015"
  },
  {
    "name": "Olaf Fay",
    "birthday": "3/2/2014"
  },
  {
    "name": "Abbigail Cremin",
    "birthday": "10/18/2015"
  },
  {
    "name": "Laisha Lang",
    "birthday": "1/12/2010"
  },
  {
    "name": "Leslie Orn",
    "birthday": "7/20/2018"
  },
  {
    "name": "Vivian Nicolas",
    "birthday": "3/10/2018"
  },
  {
    "name": "Isom Windler",
    "birthday": "1/1/2010"
  },
  {
    "name": "Isadore Dickens",
    "birthday": "11/6/2015"
  },
  {
    "name": "Oswaldo Jacobs",
    "birthday": "9/22/2017"
  },
  {
    "name": "Billy Carroll",
    "birthday": "11/17/2011"
  },
  {
    "name": "Shanie Runolfsdottir",
    "birthday": "5/6/2010"
  },
  {
    "name": "Leola Wuckert",
    "birthday": "2/2/2010"
  },
  {
    "name": "Pascale Cormier",
    "birthday": "9/22/2011"
  },
  {
    "name": "Haylie Olson",
    "birthday": "6/25/2016"
  },
  {
    "name": "Berniece Koss",
    "birthday": "11/24/2018"
  },
  {
    "name": "Elenora Heidenreich",
    "birthday": "4/21/2014"
  },
  {
    "name": "Arne Kihn",
    "birthday": "5/14/2010"
  },
  {
    "name": "Bennett Cronin",
    "birthday": "9/10/2019"
  },
  {
    "name": "Madge Monahan",
    "birthday": "5/4/2011"
  },
  {
    "name": "King McClure",
    "birthday": "10/15/2012"
  },
  {
    "name": "Faye Farrell",
    "birthday": "8/24/2010"
  },
  {
    "name": "Melvin Leannon",
    "birthday": "3/16/2016"
  },
  {
    "name": "Ora Paucek",
    "birthday": "3/25/2011"
  },
  {
    "name": "Chase Bashirian",
    "birthday": "6/10/2018"
  },
  {
    "name": "Scarlett Nitzsche",
    "birthday": "2/18/2019"
  },
  {
    "name": "Cloyd Sipes",
    "birthday": "9/22/2014"
  },
  {
    "name": "Demetris Feest",
    "birthday": "9/23/2014"
  },
  {
    "name": "Donato Bruen",
    "birthday": "10/15/2019"
  },
  {
    "name": "Ed Cole",
    "birthday": "7/15/2015"
  },
  {
    "name": "Vern Willms",
    "birthday": "11/22/2011"
  },
  {
    "name": "Raegan Trantow",
    "birthday": "10/3/2012"
  },
  {
    "name": "Melisa Yundt",
    "birthday": "7/5/2014"
  },
  {
    "name": "Conor Botsford",
    "birthday": "1/7/2016"
  },
  {
    "name": "Adriana Nader",
    "birthday": "6/1/2010"
  },
  {
    "name": "Jermain Kris",
    "birthday": "7/12/2012"
  },
  {
    "name": "Cecil Denesik",
    "birthday": "10/8/2014"
  },
  {
    "name": "Dariana Stiedemann",
    "birthday": "11/19/2014"
  },
  {
    "name": "Alf Olson",
    "birthday": "9/19/2010"
  },
  {
    "name": "Lavada Wunsch",
    "birthday": "5/20/2012"
  },
  {
    "name": "Barrett Nicolas",
    "birthday": "2/6/2016"
  },
  {
    "name": "Zaria Jacobs",
    "birthday": "4/21/2016"
  },
  {
    "name": "Skylar Prohaska",
    "birthday": "9/6/2015"
  },
  {
    "name": "Frances Stracke",
    "birthday": "10/23/2011"
  },
  {
    "name": "Concepcion Shields",
    "birthday": "3/25/2012"
  },
  {
    "name": "Missouri McDermott",
    "birthday": "6/5/2010"
  },
  {
    "name": "Leonardo Hessel",
    "birthday": "9/23/2014"
  },
  {
    "name": "Broderick Dicki",
    "birthday": "9/13/2019"
  },
  {
    "name": "Ericka Bartell",
    "birthday": "10/5/2013"
  },
  {
    "name": "Marquise Borer",
    "birthday": "1/16/2018"
  },
  {
    "name": "Carmella Tremblay",
    "birthday": "4/10/2014"
  },
  {
    "name": "Enid Brown",
    "birthday": "10/20/2017"
  },
  {
    "name": "Branson Hodkiewicz",
    "birthday": "4/9/2017"
  },
  {
    "name": "Scotty King",
    "birthday": "5/20/2010"
  },
  {
    "name": "Alda Kuhic",
    "birthday": "10/18/2011"
  },
  {
    "name": "Anissa Schroeder",
    "birthday": "6/4/2015"
  },
  {
    "name": "Marjolaine Nader",
    "birthday": "8/8/2012"
  },
  {
    "name": "May Wunsch",
    "birthday": "11/2/2015"
  },
  {
    "name": "Tatum Altenwerth",
    "birthday": "3/10/2017"
  },
  {
    "name": "Terrance Baumbach",
    "birthday": "2/17/2016"
  },
  {
    "name": "Myrtis McLaughlin",
    "birthday": "11/5/2013"
  },
  {
    "name": "Louvenia Dach",
    "birthday": "1/4/2018"
  },
  {
    "name": "Emmy Bashirian",
    "birthday": "2/12/2017"
  },
  {
    "name": "Emmalee Kilback",
    "birthday": "9/6/2010"
  },
  {
    "name": "Janessa Heller",
    "birthday": "1/10/2014"
  },
  {
    "name": "Diego Grant",
    "birthday": "9/8/2013"
  },
  {
    "name": "Sim Klein",
    "birthday": "11/13/2019"
  },
  {
    "name": "Lavon Hessel",
    "birthday": "6/4/2019"
  },
  {
    "name": "Alfonzo Swaniawski",
    "birthday": "3/18/2017"
  },
  {
    "name": "Lavina Emard",
    "birthday": "3/5/2016"
  },
  {
    "name": "Charles Quigley",
    "birthday": "10/8/2016"
  },
  {
    "name": "Opal Bahringer",
    "birthday": "3/5/2016"
  },
  {
    "name": "Valentine Sanford",
    "birthday": "1/7/2019"
  },
  {
    "name": "Pierre Carroll",
    "birthday": "1/3/2014"
  },
  {
    "name": "Dorothea Bergstrom",
    "birthday": "4/16/2018"
  },
  {
    "name": "Ora Gusikowski",
    "birthday": "5/4/2011"
  },
  {
    "name": "Misael Johnson",
    "birthday": "3/25/2011"
  },
  {
    "name": "Valentina Heathcote",
    "birthday": "7/24/2015"
  },
  {
    "name": "Carlie Miller",
    "birthday": "8/14/2011"
  },
  {
    "name": "Shakira Durgan",
    "birthday": "6/19/2012"
  },
  {
    "name": "Lloyd Windler",
    "birthday": "5/8/2019"
  },
  {
    "name": "Grayson Leannon",
    "birthday": "2/3/2013"
  },
  {
    "name": "Cheyanne Schneider",
    "birthday": "6/20/2015"
  },
  {
    "name": "Kara Simonis",
    "birthday": "1/1/2012"
  },
  {
    "name": "Adolphus Sporer",
    "birthday": "8/7/2011"
  },
  {
    "name": "Annalise Blanda",
    "birthday": "10/5/2014"
  },
  {
    "name": "Violet Fahey",
    "birthday": "3/18/2014"
  },
  {
    "name": "Cassie Homenick",
    "birthday": "6/19/2014"
  },
  {
    "name": "Emie Rowe",
    "birthday": "6/2/2016"
  },
  {
    "name": "Rowland O'Hara",
    "birthday": "3/24/2010"
  },
  {
    "name": "Walton Denesik",
    "birthday": "5/9/2010"
  },
  {
    "name": "Genesis Mraz",
    "birthday": "4/13/2017"
  },
  {
    "name": "Pascale Douglas",
    "birthday": "4/20/2013"
  },
  {
    "name": "Leanne Leannon",
    "birthday": "11/24/2018"
  },
  {
    "name": "Solon Daugherty",
    "birthday": "2/4/2019"
  },
  {
    "name": "Giuseppe Ankunding",
    "birthday": "1/3/2016"
  },
  {
    "name": "Claudine Cole",
    "birthday": "9/8/2017"
  },
  {
    "name": "Myrtle Reilly",
    "birthday": "6/25/2013"
  },
  {
    "name": "Bridie Batz",
    "birthday": "9/2/2010"
  },
  {
    "name": "Hugh Lebsack",
    "birthday": "2/18/2018"
  },
  {
    "name": "Carol Waters",
    "birthday": "2/4/2013"
  },
  {
    "name": "Brent Carroll",
    "birthday": "7/7/2018"
  },
  {
    "name": "Kiley Funk",
    "birthday": "1/8/2014"
  },
  {
    "name": "Fae Gerhold",
    "birthday": "1/13/2018"
  },
  {
    "name": "Seth O'Connell",
    "birthday": "6/23/2016"
  },
  {
    "name": "Lavina Langosh",
    "birthday": "11/14/2016"
  },
  {
    "name": "Mary Langosh",
    "birthday": "4/2/2012"
  },
  {
    "name": "Meta Wolff",
    "birthday": "6/19/2011"
  },
  {
    "name": "Cleveland Hegmann",
    "birthday": "7/14/2017"
  },
  {
    "name": "Eve Dickens",
    "birthday": "7/10/2015"
  },
  {
    "name": "Novella Baumbach",
    "birthday": "3/9/2017"
  },
  {
    "name": "Fred Keebler",
    "birthday": "8/19/2011"
  },
  {
    "name": "Mason Kohler",
    "birthday": "3/15/2012"
  },
  {
    "name": "Aliya Powlowski",
    "birthday": "1/9/2017"
  },
  {
    "name": "Mercedes Spencer",
    "birthday": "1/15/2014"
  },
  {
    "name": "Holden Bahringer",
    "birthday": "2/11/2019"
  },
  {
    "name": "Lonny Lemke",
    "birthday": "7/4/2015"
  },
  {
    "name": "Eriberto Kuphal",
    "birthday": "9/18/2011"
  },
  {
    "name": "Khalil Schuppe",
    "birthday": "10/8/2013"
  },
  {
    "name": "Antonetta Goyette",
    "birthday": "2/21/2010"
  },
  {
    "name": "Jeffery Gottlieb",
    "birthday": "2/22/2014"
  },
  {
    "name": "Arvel Lockman",
    "birthday": "11/21/2019"
  },
  {
    "name": "Baylee Nicolas",
    "birthday": "1/25/2014"
  },
  {
    "name": "Abigayle Jacobi",
    "birthday": "9/16/2016"
  },
  {
    "name": "Mireille Schulist",
    "birthday": "7/10/2017"
  },
  {
    "name": "Leonor Grimes",
    "birthday": "9/6/2012"
  },
  {
    "name": "Philip Mosciski",
    "birthday": "3/22/2017"
  },
  {
    "name": "Lincoln Boyer",
    "birthday": "2/15/2015"
  },
  {
    "name": "Hanna Thiel",
    "birthday": "1/11/2014"
  },
  {
    "name": "Agustina Swift",
    "birthday": "4/22/2018"
  },
  {
    "name": "Rhea Funk",
    "birthday": "9/11/2015"
  },
  {
    "name": "Antone Legros",
    "birthday": "3/15/2012"
  },
  {
    "name": "Myles Beatty",
    "birthday": "3/4/2011"
  },
  {
    "name": "Adah Roob",
    "birthday": "6/2/2010"
  },
  {
    "name": "Katharina Krajcik",
    "birthday": "1/13/2012"
  },
  {
    "name": "Franz Medhurst",
    "birthday": "7/25/2018"
  },
  {
    "name": "Raven Sporer",
    "birthday": "10/14/2019"
  },
  {
    "name": "Gerry Koelpin",
    "birthday": "10/20/2017"
  },
  {
    "name": "Presley Romaguera",
    "birthday": "1/6/2014"
  },
  {
    "name": "Jett Veum",
    "birthday": "5/21/2011"
  },
  {
    "name": "Noemi Kassulke",
    "birthday": "7/21/2016"
  },
  {
    "name": "Jon Dicki",
    "birthday": "8/1/2016"
  },
  {
    "name": "Raleigh Kilback",
    "birthday": "2/15/2017"
  },
  {
    "name": "Gene Kuphal",
    "birthday": "11/18/2011"
  },
  {
    "name": "Zack O'Hara",
    "birthday": "6/16/2014"
  },
  {
    "name": "Alessia Rice",
    "birthday": "1/9/2018"
  },
  {
    "name": "Lilyan Roberts",
    "birthday": "7/5/2018"
  },
  {
    "name": "Bartholome Wolff",
    "birthday": "4/24/2011"
  },
  {
    "name": "Carmelo Fritsch",
    "birthday": "7/16/2010"
  },
  {
    "name": "Charity Beatty",
    "birthday": "1/17/2018"
  },
  {
    "name": "Tatyana Quitzon",
    "birthday": "4/25/2018"
  },
  {
    "name": "Libby Borer",
    "birthday": "2/17/2010"
  },
  {
    "name": "Rosetta Bradtke",
    "birthday": "9/13/2017"
  },
  {
    "name": "Presley O'Reilly",
    "birthday": "5/19/2017"
  },
  {
    "name": "Dessie Pfannerstill",
    "birthday": "7/16/2013"
  },
  {
    "name": "Moshe O'Keefe",
    "birthday": "2/2/2014"
  },
  {
    "name": "Dominique Moen",
    "birthday": "5/16/2010"
  },
  {
    "name": "Frederique Kirlin",
    "birthday": "4/3/2012"
  },
  {
    "name": "Fredy Thompson",
    "birthday": "8/23/2010"
  },
  {
    "name": "Johnny Stark",
    "birthday": "9/4/2017"
  },
  {
    "name": "Horace Fadel",
    "birthday": "6/9/2010"
  },
  {
    "name": "Edgardo Price",
    "birthday": "8/21/2011"
  },
  {
    "name": "Asia Ratke",
    "birthday": "11/11/2015"
  },
  {
    "name": "Jaime Buckridge",
    "birthday": "4/6/2016"
  },
  {
    "name": "Jalen Lakin",
    "birthday": "6/12/2011"
  },
  {
    "name": "Fern Kovacek",
    "birthday": "8/14/2018"
  },
  {
    "name": "Shanelle Sawayn",
    "birthday": "9/2/2015"
  },
  {
    "name": "Ross Kertzmann",
    "birthday": "8/2/2014"
  },
  {
    "name": "Haylie Douglas",
    "birthday": "2/2/2010"
  },
  {
    "name": "Emmanuel Pfeffer",
    "birthday": "3/7/2019"
  },
  {
    "name": "Nyasia Trantow",
    "birthday": "2/13/2019"
  },
  {
    "name": "Loma Leffler",
    "birthday": "1/6/2012"
  },
  {
    "name": "Kristy Walker",
    "birthday": "2/13/2013"
  },
  {
    "name": "Alison Keeling",
    "birthday": "1/4/2017"
  },
  {
    "name": "Rylee Willms",
    "birthday": "2/5/2011"
  },
  {
    "name": "Deven Johns",
    "birthday": "2/25/2018"
  },
  {
    "name": "Brian Mayer",
    "birthday": "9/24/2018"
  },
  {
    "name": "Fritz Kuhn",
    "birthday": "1/2/2017"
  },
  {
    "name": "Dino Kling",
    "birthday": "5/20/2015"
  },
  {
    "name": "Jaquelin Turcotte",
    "birthday": "8/21/2014"
  },
  {
    "name": "Cassandra Stehr",
    "birthday": "9/7/2014"
  },
  {
    "name": "Cale Yundt",
    "birthday": "1/1/2019"
  },
  {
    "name": "Catherine Hauck",
    "birthday": "5/16/2015"
  },
  {
    "name": "Yazmin Beahan",
    "birthday": "10/14/2013"
  },
  {
    "name": "Everardo Schowalter",
    "birthday": "6/10/2013"
  },
  {
    "name": "Camden Bosco",
    "birthday": "6/15/2014"
  },
  {
    "name": "Dion Zieme",
    "birthday": "8/24/2014"
  },
  {
    "name": "Reuben Streich",
    "birthday": "1/4/2017"
  },
  {
    "name": "Vivienne Bailey",
    "birthday": "5/16/2010"
  },
  {
    "name": "Maybell Effertz",
    "birthday": "6/22/2015"
  },
  {
    "name": "Pierce Kassulke",
    "birthday": "7/8/2010"
  },
  {
    "name": "Marlin Cummings",
    "birthday": "3/5/2014"
  },
  {
    "name": "Ilene Ziemann",
    "birthday": "1/12/2010"
  },
  {
    "name": "Dominic Wisoky",
    "birthday": "7/5/2011"
  },
  {
    "name": "Abagail Beer",
    "birthday": "5/22/2017"
  },
  {
    "name": "Lillie Kutch",
    "birthday": "5/4/2018"
  },
  {
    "name": "Zoe Brown",
    "birthday": "9/6/2018"
  },
  {
    "name": "Kayli Hessel",
    "birthday": "8/6/2010"
  },
  {
    "name": "Daryl Waters",
    "birthday": "9/23/2017"
  },
  {
    "name": "Harry Daniel",
    "birthday": "7/13/2018"
  },
  {
    "name": "Marcelina Will",
    "birthday": "3/14/2012"
  },
  {
    "name": "Raquel Rogahn",
    "birthday": "1/8/2014"
  },
  {
    "name": "Darion Weissnat",
    "birthday": "4/7/2012"
  },
  {
    "name": "Kathleen O'Kon",
    "birthday": "3/6/2012"
  },
  {
    "name": "Ryan Auer",
    "birthday": "9/16/2011"
  },
  {
    "name": "Kasey Johns",
    "birthday": "7/22/2018"
  },
  {
    "name": "Aleen Shanahan",
    "birthday": "6/25/2011"
  },
  {
    "name": "Margot Johnston",
    "birthday": "1/5/2014"
  },
  {
    "name": "Al Ortiz",
    "birthday": "8/4/2014"
  },
  {
    "name": "Elroy McDermott",
    "birthday": "6/1/2015"
  },
  {
    "name": "Kitty Predovic",
    "birthday": "9/2/2017"
  },
  {
    "name": "Alexa Hane",
    "birthday": "9/25/2016"
  },
  {
    "name": "Jared Rosenbaum",
    "birthday": "8/25/2012"
  },
  {
    "name": "Billy Waters",
    "birthday": "2/10/2015"
  },
  {
    "name": "Wilma Kris",
    "birthday": "9/4/2014"
  },
  {
    "name": "Chaya Reichel",
    "birthday": "8/24/2011"
  },
  {
    "name": "Dennis Schmeler",
    "birthday": "4/4/2013"
  },
  {
    "name": "Edison Turner",
    "birthday": "8/10/2014"
  },
  {
    "name": "Roger Bechtelar",
    "birthday": "10/14/2019"
  },
  {
    "name": "Jevon Howe",
    "birthday": "10/4/2019"
  },
  {
    "name": "Oran Larson",
    "birthday": "6/7/2017"
  },
  {
    "name": "Idell Skiles",
    "birthday": "5/20/2016"
  },
  {
    "name": "Terrence Turner",
    "birthday": "8/9/2010"
  },
  {
    "name": "Gerry Farrell",
    "birthday": "1/5/2018"
  },
  {
    "name": "Victoria Corkery",
    "birthday": "11/23/2011"
  },
  {
    "name": "Sonya Medhurst",
    "birthday": "3/3/2014"
  },
  {
    "name": "Mckenna Klocko",
    "birthday": "6/22/2010"
  },
  {
    "name": "Jeramy Schuppe",
    "birthday": "4/11/2018"
  },
  {
    "name": "Allene Lesch",
    "birthday": "7/2/2016"
  },
  {
    "name": "Luna Hessel",
    "birthday": "11/19/2013"
  },
  {
    "name": "Fritz Veum",
    "birthday": "6/9/2017"
  },
  {
    "name": "Lilliana Kihn",
    "birthday": "1/12/2014"
  },
  {
    "name": "Brody Feeney",
    "birthday": "7/6/2018"
  },
  {
    "name": "Amos Kilback",
    "birthday": "8/15/2016"
  },
  {
    "name": "Julian Runte",
    "birthday": "5/3/2014"
  },
  {
    "name": "Braxton Marquardt",
    "birthday": "11/3/2011"
  },
  {
    "name": "Myron Crona",
    "birthday": "7/24/2012"
  },
  {
    "name": "Imelda Crooks",
    "birthday": "11/10/2018"
  },
  {
    "name": "Eddie Heidenreich",
    "birthday": "2/4/2015"
  },
  {
    "name": "Stephon Bergnaum",
    "birthday": "10/18/2011"
  },
  {
    "name": "Kareem Mitchell",
    "birthday": "8/22/2013"
  },
  {
    "name": "Porter Schowalter",
    "birthday": "2/9/2016"
  },
  {
    "name": "Electa Ward",
    "birthday": "4/12/2013"
  },
  {
    "name": "Gianni Gerhold",
    "birthday": "3/11/2012"
  },
  {
    "name": "Michaela Turcotte",
    "birthday": "1/9/2010"
  },
  {
    "name": "Jazlyn Green",
    "birthday": "3/1/2011"
  },
  {
    "name": "Jaquan Mitchell",
    "birthday": "5/2/2011"
  },
  {
    "name": "Shawn Wyman",
    "birthday": "10/12/2011"
  },
  {
    "name": "Mac Jacobson",
    "birthday": "1/14/2011"
  },
  {
    "name": "Vaughn Hills",
    "birthday": "3/16/2014"
  },
  {
    "name": "Bradly Schultz",
    "birthday": "6/15/2018"
  },
  {
    "name": "Abigale Quitzon",
    "birthday": "1/7/2019"
  },
  {
    "name": "Avery Nikolaus",
    "birthday": "7/11/2017"
  },
  {
    "name": "Sanford Bode",
    "birthday": "1/1/2018"
  },
  {
    "name": "Sheridan Muller",
    "birthday": "8/14/2015"
  },
  {
    "name": "Percival Tremblay",
    "birthday": "10/16/2019"
  },
  {
    "name": "Ally Hackett",
    "birthday": "8/5/2013"
  },
  {
    "name": "Eli Considine",
    "birthday": "11/25/2015"
  },
  {
    "name": "Dejah Schimmel",
    "birthday": "3/5/2011"
  },
  {
    "name": "Erika Jones",
    "birthday": "4/7/2010"
  },
  {
    "name": "Blaze Zemlak",
    "birthday": "11/16/2011"
  },
  {
    "name": "Aniya Hartmann",
    "birthday": "11/1/2018"
  },
  {
    "name": "Lillian Nicolas",
    "birthday": "8/16/2019"
  },
  {
    "name": "Hilton Harvey",
    "birthday": "10/23/2016"
  },
  {
    "name": "Delphia Kuhn",
    "birthday": "11/4/2015"
  },
  {
    "name": "Caden Corwin",
    "birthday": "8/23/2010"
  },
  {
    "name": "Estevan Veum",
    "birthday": "2/4/2011"
  },
  {
    "name": "Adrain Heaney",
    "birthday": "3/10/2012"
  },
  {
    "name": "Nathanael Herman",
    "birthday": "2/21/2011"
  },
  {
    "name": "Dayana Goyette",
    "birthday": "10/1/2012"
  },
  {
    "name": "Annetta Steuber",
    "birthday": "1/25/2010"
  },
  {
    "name": "Adolf Parisian",
    "birthday": "1/20/2010"
  },
  {
    "name": "Kaylie Grady",
    "birthday": "8/13/2012"
  },
  {
    "name": "Eulah Cole",
    "birthday": "7/4/2015"
  },
  {
    "name": "Rico Shields",
    "birthday": "1/10/2010"
  },
  {
    "name": "Wava Rosenbaum",
    "birthday": "7/18/2016"
  },
  {
    "name": "Ursula Hermann",
    "birthday": "2/22/2012"
  },
  {
    "name": "Cameron Zemlak",
    "birthday": "4/13/2012"
  },
  {
    "name": "Jaleel Beier",
    "birthday": "7/3/2015"
  },
  {
    "name": "Cindy Crist",
    "birthday": "6/2/2015"
  },
  {
    "name": "Tre Lesch",
    "birthday": "10/14/2010"
  },
  {
    "name": "Faustino Bayer",
    "birthday": "3/25/2013"
  },
  {
    "name": "Brenna Nienow",
    "birthday": "9/20/2010"
  },
  {
    "name": "Wilton Grimes",
    "birthday": "1/16/2010"
  },
  {
    "name": "Fredrick Nader",
    "birthday": "10/4/2012"
  },
  {
    "name": "Madelynn Hintz",
    "birthday": "10/2/2018"
  },
  {
    "name": "Amely Wunsch",
    "birthday": "1/23/2014"
  },
  {
    "name": "Marianna O'Keefe",
    "birthday": "11/11/2012"
  },
  {
    "name": "Abelardo McGlynn",
    "birthday": "4/23/2014"
  }
]